user_id,post_id,likes,shares,comments,content_type
1,1,261,985,419,videos
2,2,5655,478,62,reels
3,3,5046,635,25,images
4,4,1778,85,116,images
5,5,302,20,389,videos
6,6,2212,351,408,images
7,7,1770,364,496,videos
8,8,1597,508,125,images
9,9,2021,361,329,carousel
10,10,288,434,195,carousel
11,11,7734,567,94,images
12,12,187,791,257,images
13,13,4356,25,267,reels
14,14,7377,838,2,carousel
15,15,3822,7,367,carousel
16,16,2677,434,380,videos
17,17,3344,995,457,reels
18,18,2928,147,368,videos
19,19,7735,729,121,carousel
20,20,2198,782,385,carousel
21,21,3215,948,427,videos
22,22,4986,162,43,carousel
23,23,1670,992,240,images
24,24,4073,787,349,images
25,25,1561,953,429,videos
26,26,6105,479,475,carousel
27,27,752,642,49,reels
28,28,2613,880,423,videos
29,29,1755,548,480,videos
30,30,5048,994,310,videos
31,31,3919,563,46,videos
32,32,190,949,461,images
33,33,4354,153,31,images
34,34,7397,549,476,carousel
35,35,1899,140,331,videos
36,36,3879,267,487,reels
37,37,8157,903,287,carousel
38,38,5032,552,232,carousel
39,39,1737,40,17,images
40,40,5716,894,266,reels
41,41,4350,900,261,carousel
42,42,2844,57,100,videos
43,43,8601,293,406,carousel
44,44,3109,248,322,videos
45,45,503,589,351,images
46,46,2074,866,123,images
47,47,5658,251,114,videos
48,48,4373,717,154,images
49,49,4623,953,296,videos
50,50,8965,605,36,videos
51,51,142,238,345,images
52,52,6190,744,122,reels
53,53,7286,992,355,images
54,54,8843,391,480,images
55,55,4706,577,342,images
56,56,1308,845,316,images
57,57,5527,710,391,images
58,58,1029,947,100,videos
59,59,3777,213,182,carousel
60,60,4054,912,335,reels
61,61,8572,258,372,videos
62,62,6962,110,417,images
63,63,204,449,378,videos
64,64,6717,183,406,images
65,65,6973,72,228,reels
66,66,8301,467,332,videos
67,67,1938,698,460,reels
68,68,6529,295,182,videos
69,69,6749,466,211,images
70,70,395,487,108,images
71,71,5048,231,165,images
72,72,6335,811,424,videos
73,73,621,705,481,images
74,74,5932,249,77,videos
75,75,4964,633,337,videos
76,76,1854,65,470,videos
77,77,2159,73,258,videos
78,78,3504,164,78,videos
79,79,1035,204,437,reels
80,80,1941,724,130,videos
81,81,507,59,88,videos
82,82,8012,793,310,reels
83,83,7231,748,179,videos
84,84,3651,498,30,videos
85,85,2361,506,469,carousel
86,86,1847,757,111,reels
87,87,8496,375,331,reels
88,88,244,496,375,images
89,89,9033,951,314,reels
90,90,6322,106,366,videos
91,91,8369,913,190,images
92,92,670,806,286,carousel
93,93,3812,342,445,videos
94,94,4774,27,207,reels
95,95,1563,202,116,carousel
96,96,9949,220,241,images
97,97,8871,17,448,images
98,98,7269,752,69,images
99,99,2155,454,472,videos
100,100,6977,329,329,videos
101,101,3786,895,468,videos
102,102,51,192,243,videos
103,103,533,282,29,reels
104,104,7751,536,362,images
105,105,3790,632,12,reels
106,106,9075,88,463,carousel
107,107,6950,489,34,carousel
108,108,2917,903,68,reels
109,109,3197,781,353,carousel
110,110,1973,405,455,images
111,111,4345,645,160,videos
112,112,8566,633,492,videos
113,113,615,717,28,reels
114,114,7317,754,184,videos
115,115,5925,427,118,videos
116,116,8181,889,146,videos
117,117,4348,168,304,reels
118,118,4620,889,442,reels
119,119,5962,735,5,carousel
120,120,8215,544,403,carousel
121,121,8213,944,199,images
122,122,3538,176,489,images
123,123,8200,420,98,carousel
124,124,9771,380,74,reels
125,125,9174,304,410,reels
126,126,9410,904,322,reels
127,127,3565,54,142,reels
128,128,9721,190,32,carousel
129,129,592,601,308,videos
130,130,4877,540,485,reels
131,131,2465,548,110,images
132,132,2043,663,432,videos
133,133,2574,140,67,videos
134,134,1566,822,178,reels
135,135,3250,586,241,images
136,136,8919,826,377,carousel
137,137,1829,588,192,images
138,138,9466,845,194,videos
139,139,1704,125,318,reels
140,140,7845,976,68,reels
141,141,9929,650,169,carousel
142,142,1375,539,19,carousel
143,143,9911,279,320,reels
144,144,3220,478,276,images
145,145,38,610,316,carousel
146,146,7572,963,467,carousel
147,147,3669,544,352,carousel
148,148,8525,578,234,images
149,149,9337,568,446,videos
150,150,3031,782,250,videos
151,151,4284,480,423,carousel
152,152,7516,203,59,reels
153,153,1194,519,129,images
154,154,9761,270,336,images
155,155,9131,582,378,carousel
156,156,9002,978,451,images
157,157,3042,170,422,carousel
158,158,3668,791,369,carousel
159,159,8167,949,167,videos
160,160,2520,134,42,carousel
161,161,1823,747,382,images
162,162,7969,370,102,videos
163,163,3361,485,390,images
164,164,2813,972,393,videos
165,165,3174,685,422,reels
166,166,4772,5,110,images
167,167,8174,775,65,images
168,168,1606,310,129,reels
169,169,1049,35,369,videos
170,170,153,958,19,images
171,171,6161,760,174,carousel
172,172,4767,321,483,reels
173,173,7608,182,110,reels
174,174,7052,739,90,videos
175,175,4594,864,20,videos
176,176,4918,596,451,videos
177,177,9026,385,422,carousel
178,178,1599,364,179,videos
179,179,1644,256,124,reels
180,180,3688,653,176,videos
181,181,5678,719,282,carousel
182,182,2966,850,152,videos
183,183,9894,147,119,reels
184,184,4588,89,384,carousel
185,185,937,429,164,carousel
186,186,2654,408,80,carousel
187,187,5461,191,40,carousel
188,188,8399,464,13,reels
189,189,7659,438,86,carousel
190,190,6853,138,380,reels
191,191,9079,316,81,carousel
192,192,1126,202,138,reels
193,193,265,544,274,images
194,194,3253,417,216,videos
195,195,3430,383,493,carousel
196,196,1849,276,6,images
197,197,7840,402,338,reels
198,198,7465,683,467,carousel
199,199,5281,234,278,reels
200,200,4208,115,232,videos
201,201,6005,201,416,videos
202,202,4303,734,395,carousel
203,203,5802,134,25,reels
204,204,6450,867,465,carousel
205,205,9247,835,98,videos
206,206,8964,797,233,carousel
207,207,2746,96,17,images
208,208,8548,780,80,videos
209,209,2583,258,166,videos
210,210,7383,14,340,videos
211,211,2283,360,16,images
212,212,9357,854,299,images
213,213,6114,128,23,images
214,214,1644,461,358,reels
215,215,4932,577,198,reels
216,216,8522,514,432,videos
217,217,9440,952,112,carousel
218,218,123,579,437,carousel
219,219,8401,337,180,videos
220,220,3755,311,213,videos
221,221,8806,557,485,carousel
222,222,8248,397,293,carousel
223,223,5653,694,497,reels
224,224,4092,489,253,carousel
225,225,9093,497,188,videos
226,226,642,38,366,images
227,227,7196,146,176,images
228,228,410,116,109,reels
229,229,5845,752,195,carousel
230,230,2281,793,53,reels
231,231,9612,344,440,carousel
232,232,2916,105,267,carousel
233,233,8445,410,145,carousel
234,234,2453,453,190,images
235,235,9457,244,252,videos
236,236,3076,390,274,videos
237,237,8454,392,91,images
238,238,5183,298,248,carousel
239,239,3974,366,371,carousel
240,240,5314,685,5,reels
241,241,5380,743,8,images
242,242,4985,850,312,images
243,243,4739,300,389,carousel
244,244,7071,867,26,reels
245,245,4271,575,369,reels
246,246,5393,416,8,images
247,247,4479,395,287,carousel
248,248,8487,986,435,videos
249,249,9517,903,373,carousel
250,250,3004,31,45,carousel
251,251,3796,927,98,reels
252,252,8187,791,450,images
253,253,6403,206,468,reels
254,254,517,488,8,images
255,255,5222,976,367,videos
256,256,601,564,358,carousel
257,257,6910,89,165,videos
258,258,3660,753,48,carousel
259,259,723,343,344,videos
260,260,535,932,82,images
261,261,4711,864,352,reels
262,262,7569,161,134,reels
263,263,5023,972,241,videos
264,264,1087,569,290,reels
265,265,3981,227,357,reels
266,266,130,403,262,videos
267,267,7003,113,427,images
268,268,8052,340,259,images
269,269,3379,897,23,videos
270,270,6254,912,139,images
271,271,2507,331,254,videos
272,272,7966,321,139,videos
273,273,8715,978,488,videos
274,274,9143,136,222,carousel
275,275,9173,937,466,videos
276,276,3191,754,99,images
277,277,710,694,77,images
278,278,1410,186,256,reels
279,279,9623,120,29,videos
280,280,6262,153,193,carousel
281,281,1716,933,472,carousel
282,282,3449,406,264,reels
283,283,5455,525,104,images
284,284,8168,542,198,carousel
285,285,5100,90,357,images
286,286,6773,310,194,reels
287,287,2180,52,229,carousel
288,288,7158,298,172,reels
289,289,6175,461,290,videos
290,290,7141,461,36,videos
291,291,4233,639,70,carousel
292,292,5963,442,228,carousel
293,293,7621,704,91,carousel
294,294,5309,193,266,carousel
295,295,4050,21,29,videos
296,296,5917,526,211,videos
297,297,7240,988,144,carousel
298,298,885,786,272,carousel
299,299,49,459,161,carousel
300,300,6141,924,225,videos
301,301,4429,29,16,reels
302,302,4769,568,5,images
303,303,7242,236,300,reels
304,304,6115,769,165,carousel
305,305,8559,210,236,carousel
306,306,768,634,55,images
307,307,9630,659,296,carousel
308,308,8793,707,263,reels
309,309,2228,951,313,videos
310,310,2490,915,91,carousel
311,311,2886,764,331,carousel
312,312,8917,645,403,videos
313,313,1898,205,227,images
314,314,1657,920,426,reels
315,315,6796,980,392,images
316,316,990,29,110,images
317,317,2354,234,49,reels
318,318,2794,855,156,videos
319,319,4567,809,300,reels
320,320,7803,131,257,videos
321,321,7910,474,38,videos
322,322,3294,705,219,videos
323,323,83,924,28,reels
324,324,9850,468,35,reels
325,325,9357,610,21,reels
326,326,6866,983,267,reels
327,327,9471,685,20,carousel
328,328,1361,891,39,images
329,329,555,97,457,carousel
330,330,1483,465,249,carousel
331,331,9929,966,450,images
332,332,5547,863,197,reels
333,333,9390,121,498,reels
334,334,2970,328,467,images
335,335,6,509,94,videos
336,336,6492,498,201,videos
337,337,5030,454,126,videos
338,338,7988,447,383,carousel
339,339,7072,741,279,carousel
340,340,7993,591,416,carousel
341,341,9350,233,262,images
342,342,4130,102,204,images
343,343,2345,837,273,images
344,344,815,384,243,reels
345,345,4073,386,455,carousel
346,346,8302,514,55,reels
347,347,6183,629,486,reels
348,348,2418,457,321,reels
349,349,5632,764,225,videos
350,350,7547,139,379,videos
351,351,3530,371,231,images
352,352,1766,886,323,images
353,353,9341,197,385,carousel
354,354,9267,225,156,videos
355,355,8509,565,405,reels
356,356,8724,768,273,reels
357,357,1415,962,36,videos
358,358,7153,974,459,reels
359,359,9633,840,481,videos
360,360,179,768,481,reels
361,361,5146,136,185,images
362,362,9702,937,291,reels
363,363,3653,439,211,carousel
364,364,1795,714,145,carousel
365,365,513,432,86,carousel
366,366,7996,910,227,videos
367,367,9638,676,392,videos
368,368,3826,628,92,videos
369,369,8533,913,304,images
370,370,2013,987,312,images
371,371,1369,167,113,carousel
372,372,4178,724,212,videos
373,373,1939,979,1,images
374,374,3915,544,235,reels
375,375,8979,286,338,reels
376,376,9450,736,1,carousel
377,377,5063,247,156,videos
378,378,3872,655,211,reels
379,379,4303,302,446,images
380,380,8916,174,485,images
381,381,357,770,119,images
382,382,6169,736,499,reels
383,383,8001,804,93,videos
384,384,382,340,463,carousel
385,385,9957,396,201,videos
386,386,1166,887,178,carousel
387,387,523,845,100,videos
388,388,4042,25,155,videos
389,389,4388,557,376,reels
390,390,690,14,88,images
391,391,8086,618,219,videos
392,392,9050,446,288,images
393,393,3667,885,318,carousel
394,394,1075,404,303,carousel
395,395,3722,666,424,reels
396,396,3836,937,461,carousel
397,397,3810,890,455,reels
398,398,6784,891,354,videos
399,399,1958,135,145,reels
400,400,2926,285,306,reels
401,401,7012,179,15,reels
402,402,347,178,308,videos
403,403,1819,280,139,reels
404,404,6307,17,170,images
405,405,8339,149,38,videos
406,406,8068,315,474,videos
407,407,2166,227,87,videos
408,408,628,29,147,reels
409,409,2030,102,316,carousel
410,410,6670,558,292,images
411,411,9111,792,292,carousel
412,412,1582,531,436,reels
413,413,541,6,364,carousel
414,414,8876,731,433,images
415,415,9636,909,141,reels
416,416,1153,27,319,images
417,417,6786,301,391,images
418,418,2567,706,30,reels
419,419,7470,948,379,images
420,420,392,254,117,reels
421,421,8498,35,128,videos
422,422,7975,573,249,images
423,423,5338,366,47,images
424,424,9172,130,357,reels
425,425,7483,143,452,images
426,426,1490,58,74,carousel
427,427,8357,521,63,reels
428,428,3657,633,230,reels
429,429,821,747,124,carousel
430,430,4125,134,299,images
431,431,8981,435,135,carousel
432,432,8707,706,200,carousel
433,433,9970,384,213,videos
434,434,2959,743,355,images
435,435,2782,398,210,carousel
436,436,989,586,96,reels
437,437,1378,912,472,carousel
438,438,8570,230,323,videos
439,439,7689,754,217,videos
440,440,2887,785,414,videos
441,441,7118,684,199,reels
442,442,5737,682,42,reels
443,443,3315,568,311,videos
444,444,717,837,158,carousel
445,445,2274,901,158,reels
446,446,8079,37,122,images
447,447,6744,530,232,images
448,448,9215,912,474,reels
449,449,6887,631,316,images
450,450,2188,442,80,images
451,451,4011,65,11,videos
452,452,837,524,220,reels
453,453,3558,726,143,images
454,454,5482,222,168,videos
455,455,6760,302,332,images
456,456,186,358,86,images
457,457,1631,201,122,reels
458,458,784,661,431,carousel
459,459,5173,787,148,reels
460,460,9461,572,4,carousel
461,461,9158,523,293,videos
462,462,7917,128,278,videos
463,463,632,701,313,videos
464,464,8343,852,239,carousel
465,465,2520,240,83,reels
466,466,7559,117,132,reels
467,467,6935,445,404,videos
468,468,7221,179,412,images
469,469,5852,72,476,reels
470,470,5829,577,344,reels
471,471,3832,321,122,reels
472,472,1890,282,437,reels
473,473,121,582,251,videos
474,474,6558,552,355,carousel
475,475,6877,603,376,carousel
476,476,4158,489,365,carousel
477,477,3729,919,235,videos
478,478,9073,450,175,videos
479,479,6148,632,322,images
480,480,3362,553,481,reels
481,481,1465,931,373,videos
482,482,7964,580,133,reels
483,483,7511,937,203,videos
484,484,7002,707,482,videos
485,485,3660,74,430,carousel
486,486,6568,325,324,videos
487,487,689,994,481,images
488,488,8975,742,243,images
489,489,6413,50,124,reels
490,490,9363,125,220,videos
491,491,3896,442,180,carousel
492,492,4023,460,118,carousel
493,493,7330,430,435,carousel
494,494,6697,244,298,reels
495,495,3915,835,158,images
496,496,9532,703,51,videos
497,497,3212,276,277,carousel
498,498,7432,351,59,carousel
499,499,2963,985,407,images
500,500,7125,32,400,images
501,501,2574,737,463,videos
502,502,8064,671,15,videos
503,503,908,768,127,images
504,504,4880,141,492,videos
505,505,8621,800,121,carousel
506,506,1244,267,459,videos
507,507,9261,64,333,carousel
508,508,4158,872,171,reels
509,509,5871,162,482,images
510,510,8789,927,398,carousel
511,511,2141,1,68,images
512,512,529,161,472,reels
513,513,2590,482,347,images
514,514,7325,174,116,carousel
515,515,8319,925,414,reels
516,516,5626,218,54,reels
517,517,6158,494,85,videos
518,518,6401,127,340,carousel
519,519,3092,750,98,videos
520,520,643,97,338,images
521,521,8265,804,222,videos
522,522,8364,284,290,videos
523,523,1145,93,124,videos
524,524,5236,96,293,images
525,525,4379,261,248,carousel
526,526,3468,773,62,reels
527,527,6224,711,176,reels
528,528,2023,908,428,carousel
529,529,5592,802,134,carousel
530,530,2753,214,255,reels
531,531,5383,163,339,reels
532,532,5735,420,4,videos
533,533,8515,840,483,images
534,534,8393,564,36,images
535,535,6369,420,203,reels
536,536,292,635,323,videos
537,537,5890,443,242,reels
538,538,9389,285,60,videos
539,539,6512,868,416,videos
540,540,8503,462,403,carousel
541,541,7335,583,386,videos
542,542,596,556,338,carousel
543,543,8195,241,250,videos
544,544,1062,425,374,images
545,545,536,699,187,images
546,546,9065,941,366,carousel
547,547,4351,56,380,videos
548,548,1347,796,377,carousel
549,549,9082,841,265,reels
550,550,9078,116,277,carousel
551,551,4737,946,130,carousel
552,552,4175,827,167,images
553,553,7209,605,165,reels
554,554,3207,568,473,videos
555,555,3182,810,1,images
556,556,426,559,177,videos
557,557,542,123,350,videos
558,558,9757,476,10,videos
559,559,2660,343,292,reels
560,560,1265,124,0,carousel
561,561,6645,648,348,reels
562,562,4749,152,329,reels
563,563,2581,59,107,reels
564,564,1198,247,406,images
565,565,1396,543,302,carousel
566,566,6977,372,139,images
567,567,2319,154,436,carousel
568,568,377,742,431,videos
569,569,867,592,468,reels
570,570,261,439,297,videos
571,571,4026,893,234,videos
572,572,2753,417,184,images
573,573,4891,156,118,carousel
574,574,7387,986,389,videos
575,575,3568,966,272,reels
576,576,5181,673,58,reels
577,577,951,96,420,reels
578,578,3007,101,140,reels
579,579,7817,12,218,videos
580,580,2947,970,393,images
581,581,6411,386,170,videos
582,582,2665,981,125,videos
583,583,7125,103,211,images
584,584,7174,602,449,carousel
585,585,2081,546,6,carousel
586,586,3531,966,125,reels
587,587,8881,679,417,carousel
588,588,7701,466,83,videos
589,589,3975,664,290,reels
590,590,2707,992,254,videos
591,591,6846,501,137,images
592,592,7728,630,306,images
593,593,3187,369,200,carousel
594,594,7064,156,438,videos
595,595,522,742,122,videos
596,596,8713,517,196,reels
597,597,2719,788,498,images
598,598,2890,853,301,carousel
599,599,4711,256,95,carousel
600,600,2239,90,33,videos
601,601,260,212,203,reels
602,602,7392,694,404,images
603,603,4726,161,38,reels
604,604,5402,30,324,images
605,605,3319,644,454,carousel
606,606,4275,297,384,images
607,607,9841,436,473,reels
608,608,8376,130,168,videos
609,609,9684,728,439,videos
610,610,8190,345,394,images
611,611,9005,858,80,reels
612,612,7006,27,170,images
613,613,7230,473,237,videos
614,614,4523,15,486,videos
615,615,8529,269,451,images
616,616,8618,908,110,videos
617,617,4860,290,352,reels
618,618,8694,579,285,carousel
619,619,3661,42,154,carousel
620,620,9118,439,120,images
621,621,5026,440,360,reels
622,622,6142,479,113,reels
623,623,6465,497,200,videos
624,624,5683,6,285,reels
625,625,9066,908,154,videos
626,626,310,430,304,reels
627,627,5613,192,9,videos
628,628,550,325,212,images
629,629,7581,199,14,videos
630,630,4788,36,310,videos
631,631,2169,318,3,reels
632,632,5641,165,398,reels
633,633,609,652,411,reels
634,634,6427,254,102,reels
635,635,6965,167,91,videos
636,636,5580,461,218,videos
637,637,6929,374,266,images
638,638,2688,113,418,reels
639,639,3493,691,138,carousel
640,640,0,250,119,videos
641,641,4777,744,246,carousel
642,642,896,920,122,videos
643,643,6146,818,175,images
644,644,3052,493,75,videos
645,645,3719,262,203,carousel
646,646,4830,464,2,carousel
647,647,4091,714,445,reels
648,648,4012,989,423,carousel
649,649,3690,922,133,reels
650,650,4738,315,181,images
651,651,6988,581,270,videos
652,652,5235,537,494,reels
653,653,3253,508,167,carousel
654,654,8940,676,298,images
655,655,5164,437,334,reels
656,656,5445,633,251,reels
657,657,1356,600,84,carousel
658,658,5869,649,403,reels
659,659,1344,369,355,reels
660,660,4052,613,346,videos
661,661,2378,673,58,reels
662,662,4332,655,351,images
663,663,4637,456,88,reels
664,664,8563,942,245,reels
665,665,6115,631,360,carousel
666,666,1224,36,107,carousel
667,667,4983,825,385,videos
668,668,6147,374,14,reels
669,669,7915,257,296,carousel
670,670,1329,521,101,images
671,671,6492,961,364,videos
672,672,6157,324,227,images
673,673,8398,514,480,videos
674,674,2281,478,134,videos
675,675,264,818,328,reels
676,676,1358,23,149,images
677,677,9865,169,344,images
678,678,9770,516,41,images
679,679,8671,217,443,carousel
680,680,35,666,42,videos
681,681,6655,898,86,carousel
682,682,1331,167,15,carousel
683,683,6081,395,130,videos
684,684,6994,237,100,carousel
685,685,8056,711,105,carousel
686,686,9205,602,335,images
687,687,4850,954,375,images
688,688,1323,726,281,carousel
689,689,9370,485,233,videos
690,690,5345,42,1,carousel
691,691,3242,185,38,reels
692,692,3857,349,231,videos
693,693,3747,369,215,images
694,694,248,416,274,images
695,695,557,9,311,videos
696,696,9211,653,283,reels
697,697,4311,898,273,images
698,698,2926,23,14,carousel
699,699,5289,768,222,videos
700,700,3088,930,251,reels
701,701,8637,122,314,videos
702,702,1251,3,251,carousel
703,703,9384,429,25,images
704,704,3310,90,5,carousel
705,705,1558,378,368,reels
706,706,5431,279,19,videos
707,707,4939,520,287,videos
708,708,9298,248,115,images
709,709,5687,388,461,carousel
710,710,5792,614,242,videos
711,711,7914,77,32,carousel
712,712,633,135,34,videos
713,713,9590,370,247,reels
714,714,8011,580,87,reels
715,715,7391,253,107,carousel
716,716,3704,250,15,carousel
717,717,9847,538,144,videos
718,718,5256,575,25,videos
719,719,1937,803,435,carousel
720,720,5529,61,11,images
721,721,519,47,225,carousel
722,722,5841,550,21,reels
723,723,4723,583,386,images
724,724,9686,107,464,images
725,725,8893,911,357,videos
726,726,6536,681,85,videos
727,727,2501,338,58,reels
728,728,2040,659,304,reels
729,729,1451,578,429,carousel
730,730,229,106,390,videos
731,731,3435,74,442,reels
732,732,2666,680,421,videos
733,733,9397,756,224,images
734,734,2292,625,280,images
735,735,937,214,450,videos
736,736,1580,862,288,reels
737,737,3275,56,169,carousel
738,738,1544,177,312,carousel
739,739,6721,287,340,images
740,740,6139,400,208,reels
741,741,4504,730,446,reels
742,742,4968,247,446,videos
743,743,1835,348,116,images
744,744,3306,531,93,reels
745,745,5354,470,368,reels
746,746,3046,702,487,carousel
747,747,7606,797,207,images
748,748,1311,606,129,images
749,749,7752,812,264,carousel
750,750,8234,926,467,reels
751,751,2039,951,476,videos
752,752,357,56,37,images
753,753,4782,106,498,reels
754,754,7472,51,470,reels
755,755,4869,144,486,reels
756,756,4372,456,440,reels
757,757,4182,620,105,images
758,758,1000,548,473,reels
759,759,760,19,177,images
760,760,3795,995,444,videos
761,761,6489,343,15,images
762,762,5195,273,3,videos
763,763,7169,674,322,reels
764,764,8027,972,327,carousel
765,765,9857,253,335,reels
766,766,9005,51,353,carousel
767,767,5053,972,181,images
768,768,5340,121,394,reels
769,769,1293,863,44,videos
770,770,7584,329,227,carousel
771,771,487,687,298,images
772,772,396,948,279,videos
773,773,7051,688,14,carousel
774,774,8168,968,86,carousel
775,775,2206,247,284,videos
776,776,5631,625,318,carousel
777,777,7947,981,143,videos
778,778,3322,103,87,reels
779,779,7874,593,102,videos
780,780,4490,388,26,images
781,781,8080,693,266,reels
782,782,2920,92,305,videos
783,783,36,178,35,reels
784,784,6686,183,228,reels
785,785,8961,347,426,videos
786,786,3533,545,495,carousel
787,787,9791,695,293,reels
788,788,7722,326,239,videos
789,789,8357,860,422,reels
790,790,4117,797,110,videos
791,791,7619,947,9,images
792,792,9874,366,375,images
793,793,7760,561,69,reels
794,794,5366,10,133,images
795,795,6023,337,327,reels
796,796,8872,777,418,videos
797,797,4922,739,98,images
798,798,9397,148,103,images
799,799,3105,520,470,images
800,800,9900,961,293,carousel
801,801,1275,831,178,videos
802,802,4177,864,4,carousel
803,803,9264,762,80,videos
804,804,8668,345,73,carousel
805,805,1287,342,180,reels
806,806,6808,775,94,carousel
807,807,7415,113,110,carousel
808,808,5862,607,18,images
809,809,7617,113,219,images
810,810,3643,154,419,carousel
811,811,4304,269,339,images
812,812,392,446,125,videos
813,813,3249,751,247,videos
814,814,7133,250,18,reels
815,815,7554,553,45,videos
816,816,1874,734,453,images
817,817,1800,185,493,reels
818,818,9905,66,363,images
819,819,5477,805,159,images
820,820,8086,151,15,videos
821,821,3304,882,391,reels
822,822,9511,1,427,carousel
823,823,649,53,431,carousel
824,824,1061,542,186,carousel
825,825,4542,433,271,images
826,826,5227,881,303,carousel
827,827,2167,88,431,carousel
828,828,811,51,274,images
829,829,3012,897,326,images
830,830,1415,992,407,images
831,831,6976,370,195,videos
832,832,1690,440,394,carousel
833,833,8524,82,238,videos
834,834,2994,465,156,carousel
835,835,8863,810,459,carousel
836,836,4725,21,135,carousel
837,837,4162,189,382,images
838,838,9630,251,149,reels
839,839,9452,867,144,carousel
840,840,5243,744,341,reels
841,841,3551,538,445,reels
842,842,8136,639,471,reels
843,843,1587,297,440,reels
844,844,4436,725,119,images
845,845,1181,910,81,images
846,846,1965,752,271,images
847,847,9382,580,445,carousel
848,848,8678,287,367,reels
849,849,3388,192,392,carousel
850,850,3442,643,281,images
851,851,343,112,129,carousel
852,852,3115,743,172,carousel
853,853,9812,161,330,carousel
854,854,9276,645,487,videos
855,855,4219,553,32,videos
856,856,7687,984,115,videos
857,857,9056,539,239,reels
858,858,8863,898,338,reels
859,859,5653,973,161,carousel
860,860,5567,661,243,carousel
861,861,7347,773,429,images
862,862,1412,872,348,carousel
863,863,124,575,265,reels
864,864,7608,88,485,images
865,865,5218,286,446,images
866,866,6249,513,23,images
867,867,992,444,213,reels
868,868,8512,725,36,reels
869,869,5713,798,6,reels
870,870,4072,932,311,images
871,871,9901,968,26,carousel
872,872,6909,730,64,videos
873,873,313,702,297,images
874,874,5580,344,78,carousel
875,875,5317,574,311,images
876,876,8744,61,328,carousel
877,877,1668,675,92,images
878,878,649,339,183,images
879,879,9730,446,485,videos
880,880,5831,171,82,videos
881,881,4893,99,157,reels
882,882,2146,540,451,videos
883,883,5733,790,67,carousel
884,884,1595,661,2,videos
885,885,9227,542,193,images
886,886,8809,255,232,images
887,887,5305,688,499,carousel
888,888,9543,486,141,reels
889,889,5927,88,405,reels
890,890,8155,90,452,reels
891,891,5264,777,215,images
892,892,6715,836,178,carousel
893,893,1986,691,147,carousel
894,894,1844,52,387,videos
895,895,6268,940,172,carousel
896,896,5367,713,81,images
897,897,3366,649,137,images
898,898,7062,729,150,reels
899,899,7104,36,0,videos
900,900,3464,386,36,videos
901,901,3930,193,283,reels
902,902,3730,746,250,carousel
903,903,3573,640,99,videos
904,904,5252,604,298,carousel
905,905,3267,67,294,carousel
906,906,1057,7,173,videos
907,907,6672,753,350,carousel
908,908,5742,717,72,reels
909,909,9296,714,433,images
910,910,7227,28,260,images
911,911,446,206,312,reels
912,912,9902,793,3,images
913,913,5138,352,320,carousel
914,914,5987,628,76,images
915,915,6101,253,497,images
916,916,7829,849,69,images
917,917,8306,882,20,images
918,918,863,885,153,reels
919,919,6743,763,153,videos
920,920,5480,52,248,images
921,921,7504,126,43,carousel
922,922,7374,910,325,carousel
923,923,4063,247,282,videos
924,924,5808,793,82,images
925,925,908,973,11,images
926,926,8589,698,112,images
927,927,6185,549,89,videos
928,928,4498,522,479,carousel
929,929,8459,820,440,videos
930,930,8799,421,297,reels
931,931,2056,939,188,videos
932,932,6927,415,416,videos
933,933,2690,749,293,reels
934,934,218,612,375,reels
935,935,3049,95,311,reels
936,936,9514,468,304,carousel
937,937,395,751,309,carousel
938,938,7970,941,177,videos
939,939,4390,635,333,carousel
940,940,820,221,359,videos
941,941,2774,791,418,reels
942,942,738,665,319,videos
943,943,3737,203,398,reels
944,944,8365,866,60,reels
945,945,1950,852,64,images
946,946,7727,705,162,carousel
947,947,7406,267,366,videos
948,948,6064,869,121,carousel
949,949,4760,663,223,videos
950,950,9960,706,187,carousel
951,951,1066,69,333,reels
952,952,147,401,233,reels
953,953,2172,344,129,reels
954,954,7231,92,110,images
955,955,3425,855,372,reels
956,956,9311,327,421,reels
957,957,7449,674,500,videos
958,958,1664,104,182,carousel
959,959,5808,636,247,videos
960,960,1045,62,105,carousel
961,961,9040,539,112,carousel
962,962,6551,756,54,images
963,963,5919,663,122,reels
964,964,5826,697,235,videos
965,965,4995,703,273,images
966,966,9966,932,469,carousel
967,967,7852,710,453,videos
968,968,9507,648,365,images
969,969,5311,594,152,carousel
970,970,3589,108,146,reels
971,971,819,398,313,carousel
972,972,7043,29,90,reels
973,973,2255,37,119,carousel
974,974,6535,962,231,carousel
975,975,9880,316,278,images
976,976,2717,68,5,reels
977,977,1428,506,271,carousel
978,978,1670,528,114,images
979,979,745,64,427,carousel
980,980,5828,969,460,reels
981,981,4605,576,87,images
982,982,3214,739,229,carousel
983,983,7578,775,459,videos
984,984,2002,288,400,carousel
985,985,3160,927,83,reels
986,986,1691,123,273,images
987,987,8183,458,140,reels
988,988,3126,246,426,reels
989,989,1443,183,263,reels
990,990,2587,269,68,carousel
991,991,3843,841,92,images
992,992,9936,274,43,reels
993,993,2989,745,409,videos
994,994,1668,292,172,videos
995,995,3167,673,184,carousel
996,996,1298,917,487,videos
997,997,6477,754,347,videos
998,998,4955,127,259,carousel
999,999,9511,911,431,videos
1000,1000,1530,631,57,images
